--PLATAFORMAS
INSERT INTO plataforma (nome, tipo) VALUES
('PlayStation 5', 1),
('Xbox Series X', 1),
('Nintendo Switch', 1),
('PlayStation 4', 1),
('Xbox One', 1),
('PC Gamer Alpha', 0),
('PC Gamer Beta', 0),
('Workstation Pro', 0),
('PC Office 01', 0),
('PC Office 02', 0),
('Simulador de Corrida 01', 2),
('Simulador de Corrida 02', 2),
('Simulador de Voo 01', 2),
('Simulador de Voo 02', 2),
('Simulador VR 01', 2),
('Retro Console MegaDrive', 1),
('Retro Console SNES', 1),
('Arcade Station 01', 1),
('Arcade Station 02', 1),
('Arcade Station 03', 1),
('Laptop Gamer 01', 0),
('Laptop Gamer 02', 0),
('PC Streaming 01', 0),
('Simulador Full Motion 01', 2),
('Simulador Full Motion 02', 2);



--ESPECIFICACOES
INSERT INTO especificacoes (id, placaMae, processador, placaVideo, ram, fonte, gabinete, monitor, teclado, mouse) VALUES
(1, 'ASUS B450M Gaming', 'Ryzen 5 3600', 'GTX 1660 Super', '16GB DDR4', 'Corsair 550W', 'Cooler Master MB320L', 'AOC 24" 144Hz', 'Redragon Kumara', 'Logitech G403'),
(2, 'Gigabyte B550 Aorus', 'Ryzen 5 5600X', 'RTX 2060', '16GB DDR4', 'EVGA 600W', 'NZXT H510', 'LG 24" 75Hz', 'HyperX Alloy Core', 'Razer DeathAdder'),
(3, 'ASRock B450 Steel Legend', 'Ryzen 7 3700X', 'RTX 3060', '32GB DDR4', 'Corsair 650W', 'Gamer Storm', 'Samsung 27" 144Hz', 'Logitech G213', 'Logitech G502'),
(4, 'ASUS Prime B460M', 'Intel i5-10400', 'GTX 1650', '16GB DDR4', 'Gamemax 500W', 'Aerocool Bolt', 'AOC 22" 60Hz', 'Multilaser Warrior', 'Multilaser Warrior'),
(5, 'MSI Z390-A Pro', 'Intel i7-9700K', 'RTX 2070', '16GB DDR4', 'Corsair 650W', 'Corsair Carbide', 'LG 27" 144Hz', 'Redragon Dark Avenger', 'Redragon M711'),
(6, 'Gigabyte H610M', 'Intel i5-12400F', 'RX 6600', '16GB DDR4', 'Corsair 550W', 'Montech X3', 'AOC 24G2 144Hz', 'Logitech K120', 'Logitech G203'),
(7, 'ASUS TUF B660M', 'Intel i7-12700F', 'RTX 3060 Ti', '32GB DDR4', 'XPG 650W', 'NZXT H510', 'Dell 27" 144Hz', 'HyperX Alloy FPS', 'HyperX Pulsefire'),
(8, 'MSI B550M Pro', 'Ryzen 5 5600', 'RTX 3050', '16GB DDR4', 'Gigabyte 550W', 'Gamer Sharkoon', 'LG 24" Ultragear 144Hz', 'Redragon Fizz', 'Redragon Cobra'),
(9, 'ASRock A320M-HD', 'Ryzen 3 3200G', 'Vega Integrada', '8GB DDR4', 'Bluecase 450W', 'Fortrek ATX', 'Samsung 22"', 'Multilaser Básico', 'Fortrek OM701'),
(10, 'ASUS ROG Strix B550-F', 'Ryzen 7 5800X', 'RTX 3080', '32GB DDR4', 'Corsair 750W', 'Lian Li O11', 'Dell 27" 165Hz', 'Razer BlackWidow', 'Razer Basilisk'),
(11, 'MSI B450M Mortar', 'Ryzen 5 2600', 'GTX 1060 6GB', '16GB DDR4', 'EVGA 500W', 'Aerocool Aero One', 'AOC 24"', 'Redragon Kumara', 'Logitech G203'),
(12, 'Gigabyte B450 Aorus', 'Ryzen 7 2700', 'RTX 2060 Super', '16GB DDR4', 'Corsair 600W', 'Corsair iCUE 220T', 'Samsung 24"', 'HyperX Alloy Origins', 'HyperX Pulsefire Core'),
(13, 'ASRock B560M Pro4', 'Intel i5-11400F', 'RX 580', '16GB DDR4', 'Cooler Master 600W', 'PCYes Tiger', 'LG 24"', 'Redragon Mitra', 'Redragon Griffin'),
(14, 'ASUS Prime A320M-K', 'Ryzen 3 3100', 'GTX 1050 Ti', '8GB DDR4', 'Pcyes 450W', 'Bluecase BG-015', 'AOC 20"', 'Fortrek K5', 'Fortrek OM100'),
(15, 'MSI X470 Gaming Plus', 'Ryzen 7 3800XT', 'RTX 3070', '32GB DDR4', 'Corsair 750W', 'NZXT H710', 'Dell S2721DGF', 'Logitech G915', 'Logitech G903'),
(16, 'Gigabyte Z690 UD', 'Intel i5-12600K', 'RTX 3060', '32GB DDR4', 'Corsair 650W', 'Lian Li Lancool II', 'Samsung Odyssey G5', 'HyperX Alloy Elite', 'Razer Viper'),
(17, 'ASUS ROG Strix Z370', 'Intel i7-8700K', 'RTX 2070 Super', '16GB DDR4', 'Corsair 700W', 'Cooler Master TD500', 'LG 27"', 'Redragon Shiva', 'Logitech G502 Hero'),
(18, 'MSI B560 Tomahawk', 'Intel i5-11600KF', 'GTX 1660', '16GB DDR4', 'EVGA 550W', 'Sharkoon TG5', 'AOC 24"', 'Redragon Lakshmi', 'HyperX Pulsefire Surge'),
(19, 'ASRock X570 Phantom', 'Ryzen 9 5900X', 'RTX 3080 Ti', '32GB DDR4', 'Corsair 850W', 'NZXT H510 Elite', 'Alienware 27" 240Hz', 'Razer Huntsman', 'Razer Viper Ultimate'),
(20, 'ASUS B365M-K', 'Intel i3-9100F', 'RX 570', '8GB DDR4', 'Pichau 500W', 'PCYES Fenix', 'Philips 22"', 'Multilaser Básico', 'Logitech M90'),
(21, 'Gigabyte B550M DS3H', 'Ryzen 5 4500', 'GTX 1650 Super', '16GB DDR4', 'Corsair 550W', 'K-Mex CG-300', 'LG 24"', 'Redragon Vishnu', 'Redragon Cobra'),
(22, 'MSI MAG B550 Tomahawk', 'Ryzen 7 5800X3D', 'RTX 4070', '32GB DDR4', 'Corsair 750W', 'Lian Li 216', 'AOC 27" 165Hz', 'HyperX Alloy Core', 'Razer DeathAdder V2'),
(23, 'ASUS Z590-P', 'Intel i9-11900K', 'RTX 3090', '64GB DDR4', 'Corsair 1000W', 'NZXT H9 Flow', 'Samsung Odyssey G7', 'Logitech MX Mechanical', 'Logitech MX Master 3'),
(24, 'Gigabyte X670 Aorus', 'Ryzen 9 7950X', 'RX 7900 XTX', '64GB DDR5', 'Corsair 1000W', 'Corsair 5000D', 'LG UltraGear 32"', 'Corsair K70', 'Corsair Dark Core'),
(25, 'MSI B450M Pro-VDH', 'Ryzen 5 1600AF', 'GTX 1650', '16GB DDR4', 'PCYes 500W', 'Bluecase BG-500', 'AOC 22"', 'Redragon Karura', 'Redragon Centrophorus');



--PACOTE
INSERT INTO pacote (id, nome, preco) VALUES
(1, 'Pacote Básico 30 Min', 10.00),
(2, 'Pacote Básico 1 Hora', 18.00),
(3, 'Pacote Intermediário 1 Hora', 22.00),
(4, 'Pacote Intermediário 2 Horas', 40.00),
(5, 'Pacote Avançado 3 Horas', 55.00),
(6, 'Pacote Gamer 1 Hora', 25.00),
(7, 'Pacote Gamer 2 Horas', 45.00),
(8, 'Pacote Gamer 4 Horas', 80.00),
(9, 'Pacote Consoles 1 Hora', 20.00),
(10, 'Pacote Consoles 2 Horas', 35.00),
(11, 'Pacote PC Premium 1 Hora', 30.00),
(12, 'Pacote PC Premium 2 Horas', 55.00),
(13, 'Pacote Noturno 3 Horas', 40.00),
(14, 'Pacote Noturno 5 Horas', 60.00),
(15, 'Pacote Final de Semana 2 Horas', 42.00),
(16, 'Pacote Final de Semana 4 Horas', 78.00),
(17, 'Pacote Promoção Relâmpago 1 Hora', 15.00),
(18, 'Pacote Promoção Relâmpago 2 Horas', 27.00),
(19, 'Pacote Simulador 30 Min', 25.00),
(20, 'Pacote Simulador 1 Hora', 45.00),
(21, 'Pacote Simulador 2 Horas', 85.00),
(22, 'Pacote VR 30 Min', 30.00),
(23, 'Pacote VR 1 Hora', 55.00),
(24, 'Pacote Deluxe 5 Horas', 120.00),
(25, 'Pacote Full Day', 200.00),
(26, 'VIP 1 Dia', 25.00),
(27, 'VIP 3 Dias', 60.00),
(28, 'VIP 5 Dias', 90.00),
(29, 'VIP 1 Semana', 120.00),
(30, 'VIP 10 Dias', 170.00),
(31, 'VIP 2 Semanas', 200.00),
(32, 'VIP 3 Semanas', 280.00),
(33, 'VIP 1 Mês', 350.00),
(34, 'VIP 1 Mês e Meio', 500.00),
(35, 'VIP 2 Meses', 650.00),
(36, 'VIP 2 Meses e Meio', 750.00),
(37, 'VIP 3 Meses', 850.00),
(38, 'VIP 4 Meses', 1100.00),
(39, 'VIP 5 Meses', 1300.00),
(40, 'VIP 6 Meses', 1500.00),
(41, 'VIP 7 Meses', 1650.00),
(42, 'VIP 8 Meses', 1800.00),
(43, 'VIP 9 Meses', 2000.00),
(44, 'VIP 10 Meses', 2200.00),
(45, 'VIP 11 Meses', 2400.00),
(46, 'VIP 1 Ano', 2500.00),
(47, 'VIP 13 Meses', 2700.00),
(48, 'VIP 14 Meses', 2900.00),
(49, 'VIP 15 Meses', 3100.00),
(50, 'VIP 2 Anos', 4000.00);

--JOGO
INSERT INTO jogo (id, nome, descricao, urlimagem, idaderecomendada, multiplayer, inicializacao) VALUES
(18, 'Minecraft', 'Construa, explore e sobreviva.', '/games/mine_thumb.jpg', 0, TRUE, NULL),
(2, 'Valorant', 'FPS tático 5v5 da Riot Games.', '/games/val_thumb.webp', 16, TRUE, NULL),
(1, 'League of Legends', 'MOBA 5v5 competitivo.', '/games/lol_thumb.webp', 12, TRUE, NULL),
(3, 'Counter-Strike 2', 'O clássico FPS tático atualizado.', '/games/cs2_thumb.webp', 18, TRUE, NULL),
(4, 'Elden Ring', 'RPG de ação aclamado em mundo aberto.', '/games/eldenring_thumb.webp', 16, TRUE, NULL),
(5, 'The Witcher 3: Wild Hunt', 'RPG de fantasia épico.', '/games/tw3_thumb.webp', 18, FALSE, NULL),
(6, 'EA Sports FC 24', 'Simulador de futebol.', '/games/fc24_thumb.webp', 0, TRUE, NULL),
(8, 'Forza Motorsport', 'Simulador de corrida realista para Xbox/PC.', '/games/fm_thumb.webp', 0, TRUE, NULL),
(7, 'Gran Turismo 7', 'Simulador de corrida realista para PlayStation.', '/games/gt7_thumb.webp', 0, TRUE, NULL),
(9, 'God of War Ragnarok', 'Aventura de ação nórdica.', '/games/godofwarragnarok_thumb.webp', 18, FALSE, NULL),
(10, 'Stardew Valley', 'Simulador de fazenda relaxante.', '/games/stardewvalley_thumb.webp', 10, TRUE, NULL),
(11, 'Microsoft Flight Simulator', 'Simulador de voo ultra-realista.', '/games/msfs_thumb.webp', 0, TRUE, NULL),
(12, 'Assetto Corsa Competizione', 'Simulador de corrida focado em GT3.', '/games/acc_thumb.webp', 0, TRUE, NULL),
(13, 'Overwatch 2', 'FPS de heróis em equipe 5v5.', '/games/ow2_thumb.webp', 12, TRUE, NULL),
(14, 'Apex Legends', 'Battle Royale de heróis.', '/games/apexlegends_thumb.webp', 16, TRUE, NULL),
(15, 'Fortnite', 'Battle Royale com construção.', '/games/fortnite_thumb.webp', 12, TRUE, NULL),
(16, 'Cyberpunk 2077', 'RPG de ação futurista.', '/games/cyberpunk_thumb.webp', 18, FALSE, NULL),
(17, 'Baldur''s Gate 3', 'RPG baseado em Dungeons & Dragons.', '/games/baldursgate3_thumb.webp', 18, TRUE, NULL),
(19, 'Grand Theft Auto V', 'Mundo aberto de crime e caos.', '/games/gtav_thumb.webp', 18, TRUE, NULL),
(20, 'Red Dead Redemption 2', 'Aventura épica no velho oeste.', '/games/reddeadredemption2_thumb.webp', 18, TRUE, NULL),
(21, 'Helldivers 2', 'FPS cooperativo contra alienígenas.', '/games/helldivers2_thumb.webp', 18, TRUE, NULL),
(22, 'Palworld', 'Sobrevivência com captura de "Pals".', '/games/palworld_thumb.webp', 12, TRUE, NULL),
(23, 'Hogwarts Legacy', 'RPG no mundo de Harry Potter.', '/games/hogwartslegacy_thumb.webp', 12, FALSE, NULL),
(24, 'Diablo IV', 'ARPG sombrio.', '/games/diablo4_thumb.webp', 18, TRUE, NULL),
(25, 'Street Fighter 6', 'Jogo de luta.', '/games/streetfighter6_thumb.webp', 14, TRUE, NULL);

--PRODUTOS
INSERT INTO produto (id, nome, preco, estoque) VALUES
(1, 'Refrigerante 350ml', 6.50, 50),
(2, 'Água Mineral 500ml', 4.00, 60),
(3, 'Suco Natural 300ml', 7.50, 40),
(4, 'Cerveja Lata 350ml', 8.50, 30),
(5, 'Doritos 90g', 8.00, 50),
(6, 'Batata Chips 80g', 5.50, 60),
(7, 'Chocolate Barra 50g', 4.00, 70),
(8, 'Bala Sortida 100g', 3.50, 80),
(9, 'Sanduíche Natural', 12.00, 25),
(10, 'Coxinha', 6.00, 30),
(11, 'Pastel', 5.50, 30),
(12, 'Hambúrguer', 15.00, 20),
(13, 'Pipoca Pacote', 4.50, 40),
(14, 'Guloseimas Sortidas', 7.00, 50),
(15, 'Mouse Gamer', 120.00, 15),
(16, 'Teclado Mecânico', 250.00, 10),
(17, 'Mousepad Gamer', 35.00, 25),
(18, 'Fone Headset', 180.00, 20),
(19, 'Cabo HDMI 2m', 15.00, 40),
(20, 'Extensão Elétrica 3 Tomadas', 25.00, 30),
(21, 'Cadeira Gamer', 550.00, 8),
(22, 'Suporte para Headset', 40.00, 20),
(23, 'Apoio de Pulso para Teclado', 30.00, 25),
(24, 'Notebook Gamer para Locação', 4500.00, 5),
(25, 'Monitor 24" LED', 850.00, 12);


--FUNCIONARIO
INSERT INTO funcionario (cpf, nome, tipo) VALUES
('111.111.111-11', 'Alan Moura', 'clt'),
('222.222.222-22', 'Beatriz Silva', 'clt'),
('333.333.333-33', 'Carlos Souza', 'terceirizado'),
('444.444.444-44', 'Daniela Lima', 'clt'),
('555.555.555-55', 'Eduardo Pereira', 'terceirizado'),
('666.666.666-66', 'Fernanda Oliveira', 'clt'),
('777.777.777-77', 'Gustavo Martins', 'clt'),
('888.888.888-88', 'Helena Costa', 'terceirizado'),
('999.999.999-99', 'Igor Fernandes', 'clt'),
('000.000.000-00', 'Juliana Rocha', 'clt'),
('123.456.789-10', 'Kleber Almeida', 'terceirizado'),
('234.567.890-11', 'Larissa Moreira', 'clt'),
('345.678.901-12', 'Marcelo Pinto', 'clt'),
('456.789.012-13', 'Natália Ramos', 'terceirizado'),
('567.890.123-14', 'Otávio Nunes', 'clt'),
('678.901.234-15', 'Patrícia Teixeira', 'clt'),
('789.012.345-16', 'Rafael Menezes', 'terceirizado'),
('890.123.456-17', 'Sabrina Cardoso', 'clt'),
('901.234.567-18', 'Thiago Gomes', 'clt'),
('012.345.678-19', 'Vanessa Rocha', 'terceirizado'),
('112.233.445-20', 'William Carvalho', 'clt'),
('223.344.556-21', 'Yasmin Araújo', 'clt'),
('334.455.667-22', 'Zeca Martins', 'terceirizado'),
('445.566.778-23', 'Alice Campos', 'clt'),
('556.677.889-24', 'Bruno Santos', 'clt'),
('890.000.111-22', 'Paulo Henrique', 'clt'),
('123.450.678-99', 'Mariana Alves', 'clt'),
('333.222.111-55', 'Rogério Lima', 'clt'),
('555.444.333-66', 'Camila Freitas', 'clt'),
('666.555.444-77', 'Fernando Rocha', 'clt'),
('777.666.555-88', 'Juliana Martins', 'clt'),
('888.777.666-99', 'Gabriel Costa', 'clt');


--CLT
INSERT INTO clt (cpf, senhaacesso, numerocarteira, dataadmissao, telefone, endereco, salario) VALUES
('111.111.111-11', '$argon2i$v=19$m=16,t=2,p=1$a3Z1ZzAycVRvQ09LWEM5ZA$PpRQU9MVeQFOtNCoI9KFpg', 'CT001', '2020-01-10', '(11) 90000-0001', 'Rua Alfa, 10', 2500.00),
('222.222.222-22', '$argon2i$v=19$m=16,t=2,p=1$a3Z1ZzAycVRvQ09LWEM5ZA$PpRQU9MVeQFOtNCoI9KFpg', 'CT002', '2019-02-15', '(11) 90000-0002', 'Rua Beta, 20', 2400.00),
('444.444.444-44', '$argon2i$v=19$m=16,t=2,p=1$a3Z1ZzAycVRvQ09LWEM5ZA$PpRQU9MVeQFOtNCoI9KFpg', 'CT003', '2021-06-10', '(11) 90000-0003', 'Rua Gama, 30', 2300.00),
('666.666.666-66', '$argon2i$v=19$m=16,t=2,p=1$a3Z1ZzAycVRvQ09LWEM5ZA$PpRQU9MVeQFOtNCoI9KFpg', 'CT004', '2018-09-05', '(11) 90000-0004', 'Rua Delta, 40', 2200.00),
('777.777.777-77', '$argon2i$v=19$m=16,t=2,p=1$a3Z1ZzAycVRvQ09LWEM5ZA$PpRQU9MVeQFOtNCoI9KFpg', 'CT005', '2020-11-22', '(11) 90000-0005', 'Rua Épsilon, 50', 2000.00),
('999.999.999-99', '$argon2i$v=19$m=16,t=2,p=1$a3Z1ZzAycVRvQ09LWEM5ZA$PpRQU9MVeQFOtNCoI9KFpg', 'CT006', '2017-04-12', '(11) 90000-0006', 'Rua Zeta, 60', 2600.00),
('000.000.000-00', '$argon2i$v=19$m=16,t=2,p=1$a3Z1ZzAycVRvQ09LWEM5ZA$PpRQU9MVeQFOtNCoI9KFpg', 'CT007', '2016-01-01', '(11) 90000-0007', 'Rua Eta, 70', 2100.00),
('234.567.890-11', '$argon2i$v=19$m=16,t=2,p=1$a3Z1ZzAycVRvQ09LWEM5ZA$PpRQU9MVeQFOtNCoI9KFpg', 'CT008', '2022-03-18', '(11) 90000-0008', 'Rua Teta, 80', 1900.00),
('345.678.901-12', '$argon2i$v=19$m=16,t=2,p=1$a3Z1ZzAycVRvQ09LWEM5ZA$PpRQU9MVeQFOtNCoI9KFpg', 'CT009', '2021-12-09', '(11) 90000-0009', 'Rua Iota, 90', 2800.00),
('567.890.123-14', '$argon2i$v=19$m=16,t=2,p=1$a3Z1ZzAycVRvQ09LWEM5ZA$PpRQU9MVeQFOtNCoI9KFpg', 'CT010', '2019-07-07', '(11) 90000-0010', 'Rua Kappa, 100', 2000.00),
('678.901.234-15', '$argon2i$v=19$m=16,t=2,p=1$a3Z1ZzAycVRvQ09LWEM5ZA$PpRQU9MVeQFOtNCoI9KFpg', 'CT011', '2018-10-20', '(11) 90000-0011', 'Rua Lambda, 110', 2700.00),
('890.123.456-17', '$argon2i$v=19$m=16,t=2,p=1$a3Z1ZzAycVRvQ09LWEM5ZA$PpRQU9MVeQFOtNCoI9KFpg', 'CT012', '2020-05-05', '(11) 90000-0012', 'Rua Mu, 120', 2600.00),
('901.234.567-18', '$argon2i$v=19$m=16,t=2,p=1$a3Z1ZzAycVRvQ09LWEM5ZA$PpRQU9MVeQFOtNCoI9KFpg', 'CT013', '2023-02-02', '(11) 90000-0013', 'Rua Nu, 130', 2100.00),
('112.233.445-20', '$argon2i$v=19$m=16,t=2,p=1$a3Z1ZzAycVRvQ09LWEM5ZA$PpRQU9MVeQFOtNCoI9KFpg', 'CT014', '2017-11-11', '(11) 90000-0014', 'Rua Xi, 140', 2550.00),
('223.344.556-21', '$argon2i$v=19$m=16,t=2,p=1$a3Z1ZzAycVRvQ09LWEM5ZA$PpRQU9MVeQFOtNCoI9KFpg', 'CT015', '2016-09-09', '(11) 90000-0015', 'Rua Omicron, 150', 2200.00),
('445.566.778-23', '$argon2i$v=19$m=16,t=2,p=1$a3Z1ZzAycVRvQ09LWEM5ZA$PpRQU9MVeQFOtNCoI9KFpg', 'CT016', '2020-08-18', '(11) 90000-0016', 'Rua Pi, 160', 2400.00),
('556.677.889-24', '$argon2i$v=19$m=16,t=2,p=1$a3Z1ZzAycVRvQ09LWEM5ZA$PpRQU9MVeQFOtNCoI9KFpg', 'CT017', '2019-10-01', '(11) 90000-0017', 'Rua Rô, 170', 2300.00),
('789.012.345-16', '$argon2i$v=19$m=16,t=2,p=1$a3Z1ZzAycVRvQ09LWEM5ZA$PpRQU9MVeQFOtNCoI9KFpg', 'CT018', '2021-01-25', '(11) 90000-0018', 'Rua Sigma, 180', 2100.00),
('890.000.111-22', '$argon2i$v=19$m=16,t=2,p=1$a3Z1ZzAycVRvQ09LWEM5ZA$PpRQU9MVeQFOtNCoI9KFpg', 'CT019', '2022-04-10', '(11) 90000-0019', 'Rua Tau, 190', 2500.00),
('123.450.678-99', '$argon2i$v=19$m=16,t=2,p=1$a3Z1ZzAycVRvQ09LWEM5ZA$PpRQU9MVeQFOtNCoI9KFpg', 'CT020', '2017-03-03', '(11) 90000-0020', 'Rua Upsilon, 200', 2000.00),
('333.222.111-55', '$argon2i$v=19$m=16,t=2,p=1$a3Z1ZzAycVRvQ09LWEM5ZA$PpRQU9MVeQFOtNCoI9KFpg', 'CT021', '2018-02-01', '(11) 90000-0021', 'Rua Phi, 210', 2100.00),
('555.444.333-66', '$argon2i$v=19$m=16,t=2,p=1$a3Z1ZzAycVRvQ09LWEM5ZA$PpRQU9MVeQFOtNCoI9KFpg', 'CT022', '2020-07-07', '(11) 90000-0022', 'Rua Chi, 220', 2650.00),
('666.555.444-77', '$argon2i$v=19$m=16,t=2,p=1$a3Z1ZzAycVRvQ09LWEM5ZA$PpRQU9MVeQFOtNCoI9KFpg', 'CT023', '2021-08-15', '(11) 90000-0023', 'Rua Psi, 230', 2150.00),
('777.666.555-88', '$argon2i$v=19$m=16,t=2,p=1$a3Z1ZzAycVRvQ09LWEM5ZA$PpRQU9MVeQFOtNCoI9KFpg', 'CT024', '2019-05-22', '(11) 90000-0024', 'Rua Ômega, 240', 2300.00),
('888.777.666-99', '$argon2i$v=19$m=16,t=2,p=1$a3Z1ZzAycVRvQ09LWEM5ZA$PpRQU9MVeQFOtNCoI9KFpg', 'CT025', '2023-01-15', '(11) 90000-0025', 'Rua Aurora, 250', 2800.00);

--CONTRATO
INSERT INTO contrato (num, cpf, valor) VALUES
(1, '333.333.333-33', 1800.00),
(2, '555.555.555-55', 2000.00),
(3, '888.888.888-88', 1900.00),
(4, '567.890.123-14', 2000.00),
(5, '789.012.345-16', 2100.00),
(6, '334.455.667-22', 1800.00),
(7, '901.234.567-18', 2000.00),
(8, '012.345.678-19', 1900.00),
(9, '333.222.111-55', 1850.00),
(10, '555.444.333-66', 1950.00),
(11, '666.555.444-77', 2000.00),
(12, '789.012.345-16', 2100.00),
(13, '334.455.667-22', 1800.00),
(14, '888.888.888-88', 1900.00),
(15, '555.555.555-55', 2000.00),
(16, '333.333.333-33', 1800.00),
(17, '901.234.567-18', 2000.00),
(18, '012.345.678-19', 1900.00),
(19, '333.222.111-55', 1850.00),
(20, '555.444.333-66', 1950.00),
(21, '666.555.444-77', 2000.00),
(22, '789.012.345-16', 2100.00),
(23, '334.455.667-22', 1800.00),
(24, '888.888.888-88', 1900.00),
(25, '555.555.555-55', 2000.00);


--CLIENTE
INSERT INTO cliente (cpf, nome, loginacesso, senhaacesso, genero, datanasc, endereco, vip, datafimvip, tempocomputador, tempoconsole, temposimulador) VALUES
('111.111.111-10', 'Alan Moura', 'alan123', '$argon2i$v=19$m=16,t=2,p=1$a3Z1ZzAycVRvQ09LWEM5ZA$PpRQU9MVeQFOtNCoI9KFpg', 'M', '1995-01-15', 'Rua A, 10', false, NULL, 120, 60, 0),
('222.222.222-20', 'Beatriz Silva', 'beatriz20', '$argon2i$v=19$m=16,t=2,p=1$a3Z1ZzAycVRvQ09LWEM5ZA$PpRQU9MVeQFOtNCoI9KFpg', 'F', '1992-03-22', 'Rua B, 20', true, '2025-12-31', 300, 120, 60),
('333.333.333-30', 'Carlos Souza', 'carlos30', '$argon2i$v=19$m=16,t=2,p=1$a3Z1ZzAycVRvQ09LWEM5ZA$PpRQU9MVeQFOtNCoI9KFpg', 'M', '1990-07-10', 'Rua C, 30', false, NULL, 90, 30, 0),
('444.444.444-40', 'Daniela Lima', 'daniela40', '$argon2i$v=19$m=16,t=2,p=1$a3Z1ZzAycVRvQ09LWEM5ZA$PpRQU9MVeQFOtNCoI9KFpg', 'F', '1998-11-05', 'Rua D, 40', true, '2024-05-20', 180, 60, 30),
('555.555.555-50', 'Eduardo Pereira', 'eduardo50', '$argon2i$v=19$m=16,t=2,p=1$a3Z1ZzAycVRvQ09LWEM5ZA$PpRQU9MVeQFOtNCoI9KFpg', 'M', '1993-05-15', 'Rua E, 50', false, NULL, 60, 0, 0),
('666.666.666-60', 'Fernanda Oliveira', 'fernanda60', '$argon2i$v=19$m=16,t=2,p=1$a3Z1ZzAycVRvQ09LWEM5ZA$PpRQU9MVeQFOtNCoI9KFpg', 'F', '1996-09-12', 'Rua F, 60', false, NULL, 150, 90, 0),
('777.777.777-70', 'Gustavo Martins', 'gustavo70', '$argon2i$v=19$m=16,t=2,p=1$a3Z1ZzAycVRvQ09LWEM5ZA$PpRQU9MVeQFOtNCoI9KFpg', 'M', '1988-12-01', 'Rua G, 70', true, '2025-06-30', 240, 120, 60),
('888.888.888-80', 'Helena Costa', 'helena80', '$argon2i$v=19$m=16,t=2,p=1$a3Z1ZzAycVRvQ09LWEM5ZA$PpRQU9MVeQFOtNCoI9KFpg', 'F', '1991-02-18', 'Rua H, 80', false, NULL, 120, 30, 0),
('999.999.999-90', 'Igor Fernandes', 'igor90', '$argon2i$v=19$m=16,t=2,p=1$a3Z1ZzAycVRvQ09LWEM5ZA$PpRQU9MVeQFOtNCoI9KFpg', 'M', '1994-08-25', 'Rua I, 90', false, NULL, 200, 60, 0),
('000.000.000-01', 'Juliana Rocha', 'juliana01', '$argon2i$v=19$m=16,t=2,p=1$a3Z1ZzAycVRvQ09LWEM5ZA$PpRQU9MVeQFOtNCoI9KFpg', 'F', '1997-04-03', 'Rua J, 100', true, '2025-12-31', 180, 90, 30),
('123.456.789-11', 'Kleber Almeida', 'kleber11', '$argon2i$v=19$m=16,t=2,p=1$a3Z1ZzAycVRvQ09LWEM5ZA$PpRQU9MVeQFOtNCoI9KFpg', 'M', '1990-06-17', 'Rua K, 110', false, NULL, 120, 30, 0),
('234.567.890-12', 'Larissa Moreira', 'larissa12', '$argon2i$v=19$m=16,t=2,p=1$a3Z1ZzAycVRvQ09LWEM5ZA$PpRQU9MVeQFOtNCoI9KFpg', 'F', '1995-09-21', 'Rua L, 120', true, '2024-10-15', 210, 90, 30),
('345.678.901-13', 'Marcelo Pinto', 'marcelo13', '$argon2i$v=19$m=16,t=2,p=1$a3Z1ZzAycVRvQ09LWEM5ZA$PpRQU9MVeQFOtNCoI9KFpg', 'M', '1989-01-05', 'Rua M, 130', false, NULL, 90, 0, 0),
('456.789.012-14', 'Natália Ramos', 'natalia14', '$argon2i$v=19$m=16,t=2,p=1$a3Z1ZzAycVRvQ09LWEM5ZA$PpRQU9MVeQFOtNCoI9KFpg', 'F', '1992-07-12', 'Rua N, 140', false, NULL, 60, 0, 0),
('567.890.123-15', 'Otávio Nunes', 'otavio15', '$argon2i$v=19$m=16,t=2,p=1$a3Z1ZzAycVRvQ09LWEM5ZA$PpRQU9MVeQFOtNCoI9KFpg', 'M', '1993-11-30', 'Rua O, 150', true, '2025-03-20', 300, 150, 60),
('678.901.234-16', 'Patrícia Teixeira', 'patricia16', '$argon2i$v=19$m=16,t=2,p=1$a3Z1ZzAycVRvQ09LWEM5ZA$PpRQU9MVeQFOtNCoI9KFpg', 'F', '1996-08-18', 'Rua P, 160', false, NULL, 120, 60, 0),
('789.012.345-17', 'Rafael Menezes', 'rafael17', '$argon2i$v=19$m=16,t=2,p=1$a3Z1ZzAycVRvQ09LWEM5ZA$PpRQU9MVeQFOtNCoI9KFpg', 'M', '1991-05-09', 'Rua Q, 170', false, NULL, 150, 60, 0),
('890.123.456-18', 'Sabrina Cardoso', 'sabrina18', '$argon2i$v=19$m=16,t=2,p=1$a3Z1ZzAycVRvQ09LWEM5ZA$PpRQU9MVeQFOtNCoI9KFpg', 'F', '1994-02-25', 'Rua R, 180', true, '2025-11-30', 240, 120, 60),
('901.234.567-19', 'Thiago Gomes', 'thiago19', '$argon2i$v=19$m=16,t=2,p=1$a3Z1ZzAycVRvQ09LWEM5ZA$PpRQU9MVeQFOtNCoI9KFpg', 'M', '1990-12-12', 'Rua S, 190', false, NULL, 180, 60, 30),
('012.345.678-20', 'Vanessa Rocha', 'vanessa20', '$argon2i$v=19$m=16,t=2,p=1$a3Z1ZzAycVRvQ09LWEM5ZA$PpRQU9MVeQFOtNCoI9KFpg', 'F', '1995-03-05', 'Rua T, 200', false, NULL, 120, 30, 0),
('112.233.445-21', 'William Carvalho', 'william21', '$argon2i$v=19$m=16,t=2,p=1$a3Z1ZzAycVRvQ09LWEM5ZA$PpRQU9MVeQFOtNCoI9KFpg', 'M', '1993-07-15', 'Rua U, 210', true, '2024-08-31', 300, 150, 60),
('223.344.556-22', 'Yasmin Araújo', 'yasmin22', '$argon2i$v=19$m=16,t=2,p=1$a3Z1ZzAycVRvQ09LWEM5ZA$PpRQU9MVeQFOtNCoI9KFpg', 'F', '1992-11-20', 'Rua V, 220', false, NULL, 90, 0, 0),
('334.455.667-23', 'Zeca Martins', 'zeca23', '$argon2i$v=19$m=16,t=2,p=1$a3Z1ZzAycVRvQ09LWEM5ZA$PpRQU9MVeQFOtNCoI9KFpg', 'M', '1989-04-12', 'Rua W, 230', false, NULL, 60, 0, 0),
('445.566.778-24', 'Alice Campos', 'alice24', '$argon2i$v=19$m=16,t=2,p=1$a3Z1ZzAycVRvQ09LWEM5ZA$PpRQU9MVeQFOtNCoI9KFpg', 'F', '1996-09-28', 'Rua X, 240', true, '2025-07-15', 240, 120, 60),
('556.677.889-25', 'Bruno Santos', 'bruno25', '$argon2i$v=19$m=16,t=2,p=1$a3Z1ZzAycVRvQ09LWEM5ZA$PpRQU9MVeQFOtNCoI9KFpg', 'M', '1991-06-07', 'Rua Y, 250', false, NULL, 120, 60, 0);


--TELCLIENTE
INSERT INTO telcliente (cpf, telefone) VALUES
('111.111.111-10', '(11) 90000-0010'),
('222.222.222-20', '(11) 90000-0020'),
('333.333.333-30', '(11) 90000-0030'),
('444.444.444-40', '(11) 90000-0040'),
('555.555.555-50', '(11) 90000-0050'),
('666.666.666-60', '(11) 90000-0060'),
('777.777.777-70', '(11) 90000-0070'),
('888.888.888-80', '(11) 90000-0080'),
('999.999.999-90', '(11) 90000-0090'),
('000.000.000-01', '(11) 90000-0100'),
('123.456.789-11', '(11) 90000-0111'),
('234.567.890-12', '(11) 90000-0122'),
('345.678.901-13', '(11) 90000-0133'),
('456.789.012-14', '(11) 90000-0144'),
('567.890.123-15', '(11) 90000-0155'),
('678.901.234-16', '(11) 90000-0166'),
('789.012.345-17', '(11) 90000-0177'),
('890.123.456-18', '(11) 90000-0188'),
('901.234.567-19', '(11) 90000-0199'),
('012.345.678-20', '(11) 90000-0200'),
('112.233.445-21', '(11) 90000-0211'),
('223.344.556-22', '(11) 90000-0222'),
('334.455.667-23', '(11) 90000-0233'),
('445.566.778-24', '(11) 90000-0244'),
('556.677.889-25', '(11) 90000-0255');


--AGENDAMENTO
INSERT INTO agendamento (id, datatempoinicio, datatempofim, agendadopor) VALUES
(1, '2025-11-23 10:00:00+00', '2025-11-23 12:00:00+00', '111.111.111-11'),
(2, '2025-11-23 12:30:00+00', '2025-11-23 14:00:00+00', '222.222.222-22'),
(3, '2025-11-23 14:30:00+00', '2025-11-23 16:00:00+00', '444.444.444-44'),
(4, '2025-11-24 09:00:00+00', '2025-11-24 10:30:00+00', '555.555.555-55'),
(5, '2025-11-24 11:00:00+00', '2025-11-24 12:30:00+00', '111.111.111-11'),
(6, '2025-11-24 13:00:00+00', '2025-11-24 14:30:00+00', '222.222.222-22'),
(7, '2025-11-24 15:00:00+00', '2025-11-24 16:30:00+00', '444.444.444-44'),
(8, '2025-11-25 09:00:00+00', '2025-11-25 10:30:00+00', '555.555.555-55'),
(9, '2025-11-25 11:00:00+00', '2025-11-25 12:30:00+00', '111.111.111-11'),
(10, '2025-11-25 13:00:00+00', '2025-11-25 14:30:00+00', '222.222.222-22'),
(11, '2025-11-25 15:00:00+00', '2025-11-25 16:30:00+00', '444.444.444-44'),
(12, '2025-11-26 09:00:00+00', '2025-11-26 10:30:00+00', '555.555.555-55'),
(13, '2025-11-26 11:00:00+00', '2025-11-26 12:30:00+00', '111.111.111-11'),
(14, '2025-11-26 13:00:00+00', '2025-11-26 14:30:00+00', '222.222.222-22'),
(15, '2025-11-26 15:00:00+00', '2025-11-26 16:30:00+00', '444.444.444-44'),
(16, '2025-11-27 09:00:00+00', '2025-11-27 10:30:00+00', '555.555.555-55'),
(17, '2025-11-27 11:00:00+00', '2025-11-27 12:30:00+00', '111.111.111-11'),
(18, '2025-11-27 13:00:00+00', '2025-11-27 14:30:00+00', '222.222.222-22'),
(19, '2025-11-27 15:00:00+00', '2025-11-27 16:30:00+00', '444.444.444-44'),
(20, '2025-11-28 09:00:00+00', '2025-11-28 10:30:00+00', '555.555.555-55'),
(21, '2025-11-28 11:00:00+00', '2025-11-28 12:30:00+00', '111.111.111-11'),
(22, '2025-11-28 13:00:00+00', '2025-11-28 14:30:00+00', '222.222.222-22'),
(23, '2025-11-28 15:00:00+00', '2025-11-28 16:30:00+00', '444.444.444-44'),
(24, '2025-11-29 09:00:00+00', '2025-11-29 10:30:00+00', '555.555.555-55'),
(25, '2025-11-29 11:00:00+00', '2025-11-29 12:30:00+00', '111.111.111-11');


--EVENTO
INSERT INTO evento (id, cliente, nome, status) VALUES
(1, '111.111.111-10', 'Sessão PC 1', 'agendado'),
(2, '222.222.222-20', 'Sessão PC 2', 'em andamento'),
(3, '333.333.333-30', 'Sessão PC 3', 'concluido'),
(4, '444.444.444-40', 'Sessão PC 4', 'cancelado'),
(5, '555.555.555-50', 'Sessão PC 5', 'agendado'),
(6, '666.666.666-60', 'Sessão PC 6', 'em andamento'),
(7, '777.777.777-70', 'Sessão PC 7', 'concluido'),
(8, '888.888.888-80', 'Sessão PC 8', 'cancelado'),
(9, '999.999.999-90', 'Sessão PC 9', 'agendado'),
(10, '000.000.000-01', 'Sessão PC 10', 'em andamento'),
(11, '123.456.789-11', 'Sessão PC 11', 'concluido'),
(12, '234.567.890-12', 'Sessão PC 12', 'cancelado'),
(13, '345.678.901-13', 'Sessão PC 13', 'agendado'),
(14, '456.789.012-14', 'Sessão PC 14', 'em andamento'),
(15, '567.890.123-15', 'Sessão PC 15', 'concluido'),
(16, '678.901.234-16', 'Sessão PC 16', 'cancelado'),
(17, '789.012.345-17', 'Sessão PC 17', 'agendado'),
(18, '890.123.456-18', 'Sessão PC 18', 'em andamento'),
(19, '901.234.567-19', 'Sessão PC 19', 'concluido'),
(20, '012.345.678-20', 'Sessão PC 20', 'cancelado'),
(21, '112.233.445-21', 'Sessão PC 21', 'agendado'),
(22, '223.344.556-22', 'Sessão PC 22', 'em andamento'),
(23, '334.455.667-23', 'Sessão PC 23', 'concluido'),
(24, '445.566.778-24', 'Sessão PC 24', 'cancelado'),
(25, '556.677.889-25', 'Sessão PC 25', 'agendado');

--MAQUINA
INSERT INTO maquina (id, lastseen, nomeplat) VALUES
(1,  '2025-11-23 09:00:00+00', 'PlayStation 5'),
(2,  '2025-11-23 09:30:00+00', 'Xbox Series X'),
(3,  '2025-11-23 10:00:00+00', 'Nintendo Switch'),
(4,  '2025-11-23 10:30:00+00', 'PlayStation 4'),
(5,  '2025-11-23 11:00:00+00', 'Xbox One'),
(6,  '2025-11-23 11:30:00+00', 'PC Gamer Alpha'),
(7,  '2025-11-23 12:00:00+00', 'PC Gamer Beta'),
(8,  '2025-11-23 12:30:00+00', 'Workstation Pro'),
(9,  '2025-11-23 13:00:00+00', 'PC Office 01'),
(10, '2025-11-23 13:30:00+00', 'PC Office 02'),
(11, '2025-11-23 14:00:00+00', 'Simulador de Corrida 01'),
(12, '2025-11-23 14:30:00+00', 'Simulador de Corrida 02'),
(13, '2025-11-23 15:00:00+00', 'Simulador de Voo 01'),
(14, '2025-11-23 15:30:00+00', 'Simulador de Voo 02'),
(15, '2025-11-23 16:00:00+00', 'Simulador VR 01'),
(16, '2025-11-24 09:00:00+00', 'Retro Console MegaDrive'),
(17, '2025-11-24 09:30:00+00', 'Retro Console SNES'),
(18, '2025-11-24 10:00:00+00', 'Arcade Station 01'),
(19, '2025-11-24 10:30:00+00', 'Arcade Station 02'),
(20, '2025-11-24 11:00:00+00', 'Arcade Station 03'),
(21, '2025-11-24 11:30:00+00', 'Laptop Gamer 01'),
(22, '2025-11-24 12:00:00+00', 'Laptop Gamer 02'),
(23, '2025-11-24 12:30:00+00', 'PC Streaming 01'),
(24, '2025-11-24 13:00:00+00', 'Simulador Full Motion 01'),
(25, '2025-11-24 13:30:00+00', 'Simulador Full Motion 02');


--HARDWARE
INSERT INTO hardware (id, nome, estado, tipo, idmaquina) VALUES
(1,  'Placa de vídeo RTX 3080',       'ativo',        'GPU',           6),
(2,  'Processador Intel i9',          'ativo',        'CPU',           6),
(3,  'SSD 1TB',                       'ativo',        'Armazenamento', 6),
(4,  'Memória RAM 16GB',              'ativo',        'RAM',           7),
(5,  'Placa-mãe ASUS',                'ativo',        'Motherboard',   7),
(6,  'Fonte 750W',                    'ativo',        'Fonte',         8),
(7,  'Placa de vídeo GTX 1660',       'ativo',        'GPU',           8),
(8,  'Processador AMD Ryzen 9',       'ativo',        'CPU',           8),
(9,  'SSD 512GB',                     'ativo',        'Armazenamento', 9),
(10, 'Memória RAM 32GB',              'ativo',        'RAM',           9),
(11, 'Placa de vídeo RTX 3070',       'ativo',        'GPU',           10),
(12, 'Processador Intel i7',          'ativo',        'CPU',           10),
(13, 'SSD 2TB',                       'ativo',        'Armazenamento', 10),
(14, 'Memória RAM 16GB',              'ativo',        'RAM',           11),
(15, 'Placa de captura',              'em manutencao','GPU',           11),
(16, 'Processador Intel i5',          'ativo',        'CPU',           12),
(17, 'SSD 256GB',                     'ativo',        'Armazenamento', 12),
(18, 'Memória RAM 8GB',               'ativo',        'RAM',           12),
(19, 'Fonte 650W',                    'ativo',        'Fonte',         13),
(20, 'Placa-mãe Gigabyte',            'ativo',        'Motherboard',   13),
(21, 'Placa de vídeo RTX 3060',       'ativo',        'GPU',           14),
(22, 'Processador AMD Ryzen 7',       'ativo',        'CPU',           14),
(23, 'SSD 1TB',                       'ativo',        'Armazenamento', 14),
(24, 'Memória RAM 16GB',              'ativo',        'RAM',           15),
(25, 'Placa de captura VR',           'em manutencao','GPU',           15);


--EVENTOMAQUINA
INSERT INTO eventomaquina (evento, maquina) VALUES
(1, 6),
(2, 7),
(3, 1),
(4, 2),
(5, 3),
(6, 4),
(7, 5),
(8, 8),
(9, 9),
(10, 10),
(11, 11),
(12, 12),
(13, 13),
(14, 14),
(15, 15),
(16, 16),
(17, 17),
(18, 18),
(19, 19),
(20, 20),
(21, 21),
(22, 22),
(23, 23),
(24, 24),
(25, 25);

--MANUTENCAO
INSERT INTO manutencao (id, tipo, prioridade) VALUES
(1, 'preventiva', 'baixa'),
(2, 'corretiva', 'alta'),
(3, 'atualizacao', 'media'),
(4, 'preventiva', 'media'),
(5, 'corretiva', 'urgente'),
(6, 'atualizacao', 'baixa'),
(7, 'preventiva', 'alta'),
(8, 'corretiva', 'media'),
(9, 'atualizacao', 'urgente'),
(10, 'preventiva', 'baixa'),
(11, 'corretiva', 'alta'),
(12, 'atualizacao', 'media'),
(13, 'preventiva', 'media'),
(14, 'corretiva', 'urgente'),
(15, 'atualizacao', 'baixa'),
(16, 'preventiva', 'alta'),
(17, 'corretiva', 'media'),
(18, 'atualizacao', 'urgente'),
(19, 'preventiva', 'baixa'),
(20, 'corretiva', 'alta'),
(21, 'atualizacao', 'media'),
(22, 'preventiva', 'media'),
(23, 'corretiva', 'urgente'),
(24, 'atualizacao', 'baixa'),
(25, 'preventiva', 'alta');


--MANUTENCAOMAQUINA
INSERT INTO manutencaomaquina (idmanutencao, idmaquina, idhardware, motivo) VALUES
(1, 6, 1, 'Atualização de driver da GPU'),
(1, 6, 2, 'Limpeza de poeira e troca da pasta térmica'),
(2, 7, 4, 'Troca da memória RAM defeituosa'),
(2, 7, 5, 'Substituição de capacitores da placa-mãe'),
(3, 8, 7, 'Atualização da placa de vídeo'),
(3, 8, 8, 'Limpeza do cooler do CPU'),
(4, 9, 9, 'SSD apresentando lentidão'),
(4, 9, 10, 'Memória RAM com falhas intermitentes'),
(5, 10, 11, 'GPU com falhas gráficas ocasionais'),
(5, 10, 12, 'Processador superaquecendo'),
(6, 11, 14, 'Memória RAM com falha de leitura'),
(7, 12, 16, 'Processador travando durante jogos'),
(8, 13, 19, 'Fonte com ruído anormal'),
(9, 14, 21, 'GPU com artefatos gráficos'),
(10, 15, 25, 'Placa de captura VR com defeito'),
(11, 1, 2, 'Troca de pasta térmica do CPU'),
(11, 1, 3, 'SSD cheio, limpeza de arquivos temporários'),
(12, 2, 4, 'RAM com falha intermitente'),
(12, 2, 5, 'Placa-mãe com capacitores estufados'),
(13, 3, 7, 'Placa de vídeo com driver corrompido'),
(13, 3, 8, 'Processador travando em picos de uso'),
(14, 4, 9, 'SSD com setores defeituosos'),
(14, 4, 10, 'RAM instável, reinícios aleatórios'),
(15, 5, 11, 'RAM com falha intermitente'),
(15, 5, 12, 'GPU com aquecimento excessivo');


--MANUTENCAOREALIZA
INSERT INTO manutencaorealiza (idmanutencao, funcionario) VALUES
(1, '111.111.111-11'),
(2, '111.111.111-11'),
(3, '222.222.222-22'),
(4, '222.222.222-22'),
(5, '333.333.333-33'),
(6, '333.333.333-33'),
(7, '444.444.444-44'),
(8, '444.444.444-44'),
(9, '555.555.555-55'),
(10, '555.555.555-55'),
(11, '111.111.111-11'),
(12, '222.222.222-22'),
(13, '333.333.333-33'),
(14, '444.444.444-44'),
(15, '555.555.555-55'),
(16, '111.111.111-11'),
(17, '222.222.222-22'),
(18, '333.333.333-33'),
(19, '444.444.444-44'),
(20, '555.555.555-55'),
(21, '111.111.111-11'),
(22, '222.222.222-22'),
(23, '333.333.333-33'),
(24, '444.444.444-44'),
(25, '555.555.555-55');

--ORDINARIO
INSERT INTO ordinario (id, tempocomputador, tempoconsole, temposimulador) VALUES
(1, 0.5, 0.0, 0.0),
(2, 1.0, 0.0, 0.0),
(3, 1.0, 0.5, 0.0),
(4, 2.0, 1.0, 0.0),
(5, 3.0, 1.5, 0.0),
(6, 1.0, 0.5, 0.0),
(7, 2.0, 1.0, 0.0),
(8, 4.0, 2.0, 0.0),
(9, 0.0, 1.0, 0.0),
(10, 0.0, 2.0, 0.0),
(11, 1.0, 0.0, 0.0),
(12, 2.0, 0.0, 0.0),
(13, 0.0, 0.0, 3.0),
(14, 0.0, 0.0, 5.0),
(15, 1.5, 0.5, 0.0),
(16, 3.0, 1.0, 0.0),
(17, 1.0, 0.0, 0.0),
(18, 2.0, 0.0, 0.0),
(19, 0.0, 0.0, 0.5),
(20, 0.0, 0.0, 1.0),
(21, 0.0, 0.0, 2.0),
(22, 0.0, 0.0, 0.5),
(23, 0.0, 0.0, 1.0),
(24, 0.0, 0.0, 5.0),
(25, 0.0, 0.0, 8.0);

--PACOTEVIP
INSERT INTO pacotevip (id, tempoadicionar) VALUES
(26, 1),
(27, 3),
(28, 5),
(29, 7),
(30, 10),
(31, 14),
(32, 21),
(33, 30),
(34, 45),
(35, 60),
(36, 75),
(37, 90),
(38, 120),
(39, 150),
(40, 180),
(41, 210),
(42, 240),
(43, 270),
(44, 300),
(45, 330),
(46, 365),
(47, 395),
(48, 425),
(49, 455),
(50, 730);


INSERT INTO jogoplataforma (idjogo, nomeplataforma) VALUES
(1, 'PC Gamer Alpha'),
(1, 'PC Gamer Beta'),

(2, 'PC Gamer Alpha'),
(2, 'PC Gamer Beta'),

(3, 'PC Gamer Alpha'),
(3, 'PC Gamer Beta'),

(4, 'PlayStation 5'),
(4, 'PC Gamer Alpha'),

(5, 'PC Gamer Alpha'),
(5, 'PC Gamer Beta'),

(6, 'PlayStation 5'),
(6, 'Xbox Series X'),

(7, 'PlayStation 5'),
(7, 'PlayStation 4'),

(8, 'Xbox Series X'),
(8, 'PC Gamer Alpha'),

(9, 'PlayStation 5'),
(9, 'PlayStation 4'),

(10, 'PC Gamer Alpha'),
(10, 'Nintendo Switch'),

(11, 'PC Gamer Alpha'),
(11, 'PC Gamer Beta'),

(12, 'PC Gamer Alpha'),
(12, 'PC Gamer Beta'),

(13, 'PC Gamer Alpha'),
(13, 'PC Gamer Beta'),

(14, 'PC Gamer Alpha'),
(14, 'Xbox Series X'),
(14, 'PlayStation 5'),

(15, 'PC Gamer Alpha'),
(15, 'PlayStation 5'),
(15, 'Xbox Series X'),

(16, 'PC Gamer Alpha'),
(16, 'PC Gamer Beta'),
(16, 'PlayStation 5'),

(17, 'PC Gamer Alpha'),
(17, 'PC Gamer Beta'),

(18, 'PC Gamer Alpha'),
(18, 'PlayStation 5'),
(18, 'Xbox Series X'),
(18, 'Nintendo Switch'),

(19, 'PC Gamer Alpha'),
(19, 'PlayStation 5'),
(19, 'Xbox Series X'),

(20, 'PC Gamer Alpha'),
(20, 'PlayStation 5'),
(20, 'Xbox Series X'),

(21, 'PlayStation 5'),
(21, 'PC Gamer Alpha'),

(22, 'PC Gamer Alpha'),
(22, 'PC Gamer Beta'),

(23, 'PC Gamer Alpha'),
(23, 'PlayStation 5'),
(23, 'Xbox Series X'),

(24, 'PC Gamer Alpha'),
(24, 'PlayStation 5'),
(24, 'Xbox Series X'),

(25, 'PlayStation 5'),
(25, 'Xbox Series X'),
(25, 'PC Gamer Alpha');


--COMPUTADOR
INSERT INTO computador (nome, especificacoes) VALUES
('PC Gamer Alpha 01', 1),
('PC Gamer Alpha 02', 1),
('PC Gamer Beta 01', 2),
('PC Gamer Beta 02', 2),
('Workstation Pro 01', 3),
('Workstation Pro 02', 3),
('PC Office 01', 4),
('PC Office 02', 4),
('PC Streaming 01', 5),
('Laptop Gamer 01', 6),
('Laptop Gamer 02', 6);

--CONSOLE
INSERT INTO console (nome, nserie) VALUES
('PlayStation 5 - Sala 01', 'PS5-001'),
('PlayStation 5 - Sala 02', 'PS5-002'),
('Xbox Series X - Sala 01', 'XBSX-001'),
('Xbox Series X - Sala 02', 'XBSX-002'),
('Nintendo Switch - Sala 01', 'NSW-001'),
('Nintendo Switch - Sala 02', 'NSW-002'),
('PlayStation 4 - Sala 01', 'PS4-001'),
('PlayStation 4 - Sala 02', 'PS4-002'),
('Xbox One - Sala 01', 'XBO-001'),
('Xbox One - Sala 02', 'XBO-002');

--SIMULADOR
INSERT INTO simulador (nome, nserie) VALUES
('Simulador de Corrida 01', 'SC-001'),
('Simulador de Corrida 02', 'SC-002'),
('Simulador de Voo 01', 'SV-001'),
('Simulador de Voo 02', 'SV-002'),
('Simulador VR 01', 'VR-001'),
('Simulador Full Motion 01', 'FM-001'),
('Simulador Full Motion 02', 'FM-002');

--SESSAO
INSERT INTO sessao (cliente, datatempoinicio, datatempofim, motivotermino, maquina) VALUES
('111.111.111-10', '2025-11-23 09:00:00+00', '2025-11-23 10:30:00+00', 'tempo_esgotado', 1),
('222.222.222-20', '2025-11-23 09:15:00+00', '2025-11-23 10:00:00+00', 'deslogou', 2),
('333.333.333-30', '2025-11-23 09:30:00+00', '2025-11-23 10:30:00+00', 'erro', 3),
('444.444.444-40', '2025-11-23 09:45:00+00', '2025-11-23 11:00:00+00', 'removido_admin', 4),
('555.555.555-50', '2025-11-23 10:00:00+00', '2025-11-23 11:30:00+00', 'tempo_esgotado', 5),
('666.666.666-60', '2025-11-23 10:15:00+00', '2025-11-23 11:45:00+00', 'deslogou', 6),
('777.777.777-70', '2025-11-23 10:30:00+00', '2025-11-23 12:00:00+00', 'erro', 7),
('888.888.888-80', '2025-11-23 10:45:00+00', '2025-11-23 12:15:00+00', 'removido_admin', 8),
('999.999.999-90', '2025-11-23 11:00:00+00', '2025-11-23 12:30:00+00', 'tempo_esgotado', 9),
('000.000.000-01', '2025-11-23 11:15:00+00', '2025-11-23 12:45:00+00', 'deslogou', 10),
('123.456.789-11', '2025-11-23 11:30:00+00', '2025-11-23 13:00:00+00', 'erro', 11),
('234.567.890-12', '2025-11-23 11:45:00+00', '2025-11-23 13:15:00+00', 'removido_admin', 12),
('345.678.901-13', '2025-11-23 12:00:00+00', '2025-11-23 13:30:00+00', 'tempo_esgotado', 13),
('456.789.012-14', '2025-11-23 12:15:00+00', '2025-11-23 13:45:00+00', 'deslogou', 14),
('567.890.123-15', '2025-11-23 12:30:00+00', '2025-11-23 14:00:00+00', 'erro', 15),
('678.901.234-16', '2025-11-23 12:45:00+00', '2025-11-23 14:15:00+00', 'removido_admin', 16),
('789.012.345-17', '2025-11-23 13:00:00+00', '2025-11-23 14:30:00+00', 'tempo_esgotado', 17),
('890.123.456-18', '2025-11-23 13:15:00+00', '2025-11-23 14:45:00+00', 'deslogou', 18),
('901.234.567-19', '2025-11-23 13:30:00+00', '2025-11-23 15:00:00+00', 'erro', 19),
('012.345.678-20', '2025-11-23 13:45:00+00', '2025-11-23 15:15:00+00', 'removido_admin', 20),
('112.233.445-21', '2025-11-23 14:00:00+00', '2025-11-23 15:30:00+00', 'tempo_esgotado', 21),
('223.344.556-22', '2025-11-23 14:15:00+00', '2025-11-23 15:45:00+00', 'deslogou', 22),
('334.455.667-23', '2025-11-23 14:30:00+00', '2025-11-23 16:00:00+00', 'erro', 23),
('445.566.778-24', '2025-11-23 14:45:00+00', '2025-11-23 16:15:00+00', 'removido_admin', 24),
('556.677.889-25', '2025-11-23 15:00:00+00', '2025-11-23 16:30:00+00', 'tempo_esgotado', 25);



--SESSAOJOGO
INSERT INTO sessaojogo (cliente, datatempoinicio, jogo, datatempofim) VALUES
('111.111.111-10', '2025-11-23 09:00:00+00', 1, '2025-11-23 10:00:00+00'),
('222.222.222-20', '2025-11-23 09:15:00+00', 2, '2025-11-23 09:45:00+00'),
('333.333.333-30', '2025-11-23 09:30:00+00', 3, '2025-11-23 10:15:00+00'),
('444.444.444-40', '2025-11-23 09:45:00+00', 4, '2025-11-23 10:30:00+00'),
('555.555.555-50', '2025-11-23 10:00:00+00', 5, '2025-11-23 11:00:00+00'),
('666.666.666-60', '2025-11-23 10:15:00+00', 6, '2025-11-23 11:15:00+00'),
('777.777.777-70', '2025-11-23 10:30:00+00', 7, '2025-11-23 11:30:00+00'),
('888.888.888-80', '2025-11-23 10:45:00+00', 8, '2025-11-23 11:45:00+00'),
('999.999.999-90', '2025-11-23 11:00:00+00', 9, '2025-11-23 12:00:00+00'),
('000.000.000-01', '2025-11-23 11:15:00+00', 10, '2025-11-23 12:15:00+00'),
('123.456.789-11', '2025-11-23 11:30:00+00', 11, '2025-11-23 12:30:00+00'),
('234.567.890-12', '2025-11-23 11:45:00+00', 12, '2025-11-23 12:45:00+00'),
('345.678.901-13', '2025-11-23 12:00:00+00', 13, '2025-11-23 13:00:00+00'),
('456.789.012-14', '2025-11-23 12:15:00+00', 14, '2025-11-23 13:15:00+00'),
('567.890.123-15', '2025-11-23 12:30:00+00', 15, '2025-11-23 13:30:00+00'),
('678.901.234-16', '2025-11-23 12:45:00+00', 16, '2025-11-23 13:45:00+00'),
('789.012.345-17', '2025-11-23 13:00:00+00', 17, '2025-11-23 14:00:00+00'),
('890.123.456-18', '2025-11-23 13:15:00+00', 18, '2025-11-23 14:15:00+00'),
('901.234.567-19', '2025-11-23 13:30:00+00', 19, '2025-11-23 14:30:00+00'),
('012.345.678-20', '2025-11-23 13:45:00+00', 20, '2025-11-23 14:45:00+00'),
('112.233.445-21', '2025-11-23 14:00:00+00', 21, '2025-11-23 15:00:00+00'),
('223.344.556-22', '2025-11-23 14:15:00+00', 22, '2025-11-23 15:15:00+00'),
('334.455.667-23', '2025-11-23 14:30:00+00', 23, '2025-11-23 15:30:00+00'),
('445.566.778-24', '2025-11-23 14:45:00+00', 24, '2025-11-23 15:45:00+00'),
('556.677.889-25', '2025-11-23 15:00:00+00', 25, '2025-11-23 16:00:00+00');



--ALERTA
INSERT INTO alerta (id, mensagem, datahora, clt) VALUES
(1, 'Computador 01 com superaquecimento detectado.', '2025-11-23 09:00:00+00', '111.111.111-11'),
(2, 'Console Xbox Series X precisa de atualização de firmware.', '2025-11-23 09:15:00+00', '222.222.222-22'),
(3, 'Simulador de Corrida 01 apresentando falha de sensor.', '2025-11-23 09:30:00+00', '444.444.444-44'),
(4, 'PC Gamer Alpha fora do ar.', '2025-11-23 09:45:00+00', '111.111.111-11'),
(5, 'Estoque de periféricos baixo.', '2025-11-23 10:00:00+00', '222.222.222-22'),
(6, 'Manutenção preventiva programada para Workstation Pro.', '2025-11-23 10:15:00+00', '444.444.444-44'),
(7, 'Arcade Station 03 precisando calibrar controles.', '2025-11-23 10:30:00+00', '111.111.111-11'),
(8, 'PC Streaming 01 com travamentos.', '2025-11-23 10:45:00+00', '222.222.222-22'),
(9, 'Simulador VR 01 desconectando sensores.', '2025-11-23 11:00:00+00', '444.444.444-44'),
(10, 'PlayStation 5 precisando de limpeza interna.', '2025-11-23 11:15:00+00', '111.111.111-11'),
(11, 'Xbox One apresentando lag na rede.', '2025-11-23 11:30:00+00', '222.222.222-22'),
(12, 'Nintendo Switch com falha na atualização.', '2025-11-23 11:45:00+00', '444.444.444-44'),
(13, 'Retro Console SNES sem vídeo.', '2025-11-23 12:00:00+00', '111.111.111-11'),
(14, 'Laptop Gamer 01 superaquecendo.', '2025-11-23 12:15:00+00', '222.222.222-22'),
(15, 'Workstation Pro precisando atualizar drivers.', '2025-11-23 12:30:00+00', '444.444.444-44'),
(16, 'Simulador de Voo 02 com problema na calibragem.', '2025-11-23 12:45:00+00', '111.111.111-11'),
(17, 'PC Office 02 sem internet.', '2025-11-23 13:00:00+00', '222.222.222-22'),
(18, 'Arcade Station 02 com joystick quebrado.', '2025-11-23 13:15:00+00', '444.444.444-44'),
(19, 'PC Gamer Beta travando durante jogos.', '2025-11-23 13:30:00+00', '111.111.111-11'),
(20, 'Simulador Full Motion 02 precisando ajuste de cabos.', '2025-11-23 13:45:00+00', '222.222.222-22'),
(21, 'PlayStation 4 com disco preso.', '2025-11-23 14:00:00+00', '444.444.444-44'),
(22, 'Xbox Series X precisando reiniciar sistema.', '2025-11-23 14:15:00+00', '111.111.111-11'),
(23, 'Laptop Gamer 02 com ventilação insuficiente.', '2025-11-23 14:30:00+00', '222.222.222-22'),
(24, 'Simulador de Corrida 02 precisa de lubrificação.', '2025-11-23 14:45:00+00', '444.444.444-44'),
(25, 'PC Office 01 atualizando sistema operacional.', '2025-11-23 15:00:00+00', '111.111.111-11');



-- COMANDA
INSERT INTO comanda (id, emissao, cliente, fechada) VALUES
(1, '111.111.111-11', '111.111.111-10', false),
(2, '222.222.222-22', '222.222.222-20', true),
(3, '444.444.444-44', '333.333.333-30', false),
(4, '666.666.666-66', '444.444.444-40', true),
(5, '777.777.777-77', '555.555.555-50', false),
(6, '999.999.999-99', '666.666.666-60', true),
(7, '000.000.000-00', '777.777.777-70', false),
(8, '234.567.890-11', '888.888.888-80', true),
(9, '345.678.901-12', '999.999.999-90', false),
(10, '567.890.123-14', '000.000.000-01', true),
(11, '678.901.234-15', '123.456.789-11', false),
(12, '890.123.456-17', '234.567.890-12', true),
(13, '901.234.567-18', '345.678.901-13', false),
(14, '112.233.445-20', '456.789.012-14', true),
(15, '223.344.556-21', '567.890.123-15', false),
(16, '445.566.778-23', '678.901.234-16', true),
(17, '556.677.889-24', '789.012.345-17', false),
(18, '789.012.345-16', '890.123.456-18', true),
(19, '890.000.111-22', '901.234.567-19', false),
(20, '123.450.678-99', '012.345.678-20', true),
(21, '333.222.111-55', '112.233.445-21', false),
(22, '555.444.333-66', '223.344.556-22', true),
(23, '666.555.444-77', '334.455.667-23', false),
(24, '777.666.555-88', '445.566.778-24', true),
(25, '888.777.666-99', '556.677.889-25', false);


--COMANDAPRODUTO
INSERT INTO comandaproduto (comanda, produto, quantidade) VALUES
(1, 1, 2),
(1, 3, 1),
(2, 2, 1),
(2, 5, 3),
(3, 4, 2),
(3, 1, 1),
(4, 2, 2),
(4, 6, 1),
(5, 3, 2),
(5, 7, 1),
(6, 1, 1),
(6, 4, 2),
(7, 5, 1),
(7, 2, 1),
(8, 6, 3),
(8, 1, 2),
(9, 3, 1),
(9, 4, 2),
(10, 5, 2),
(10, 7, 1),
(11, 1, 1),
(11, 6, 2),
(12, 2, 1),
(12, 3, 1),
(13, 4, 2);


--CLIENTEPACOTE
INSERT INTO clientepacote (cliente, pacote, datatempo, descontoaplicado) VALUES
('123.456.789-11', 1, '2025-11-23 10:00:00+00', false),
('234.567.890-12', 2, '2025-11-23 11:00:00+00', true),
('345.678.901-13', 3, '2025-11-23 11:30:00+00', false),
('456.789.012-14', 4, '2025-11-23 12:00:00+00', false),
('567.890.123-15', 5, '2025-11-23 12:30:00+00', true),
('678.901.234-16', 6, '2025-11-23 13:00:00+00', false),
('789.012.345-17', 7, '2025-11-23 13:30:00+00', false),
('890.123.456-18', 8, '2025-11-23 14:00:00+00', true),
('901.234.567-19', 9, '2025-11-23 14:30:00+00', false),
('012.345.678-20', 10, '2025-11-23 15:00:00+00', false),
('111.111.111-10', 11, '2025-11-23 15:30:00+00', true),
('222.222.222-20', 12, '2025-11-23 16:00:00+00', false),
('333.333.333-30', 13, '2025-11-23 16:30:00+00', false),
('444.444.444-40', 14, '2025-11-23 17:00:00+00', true),
('555.555.555-50', 15, '2025-11-23 17:30:00+00', false),
('666.666.666-60', 16, '2025-11-23 18:00:00+00', false),
('777.777.777-70', 17, '2025-11-23 18:30:00+00', true),
('888.888.888-80', 18, '2025-11-23 19:00:00+00', false),
('999.999.999-90', 19, '2025-11-23 19:30:00+00', false),
('000.000.000-01', 20, '2025-11-23 20:00:00+00', true),
('123.456.789-11', 21, '2025-11-23 20:30:00+00', false),
('234.567.890-12', 22, '2025-11-23 21:00:00+00', false),
('345.678.901-13', 23, '2025-11-23 21:30:00+00', true),
('456.789.012-14', 24, '2025-11-23 22:00:00+00', false),
('567.890.123-15', 25, '2025-11-23 22:30:00+00', true);
